No,Website,Price,Country,Language,Industry,Duration
1,tnonline.uol.com.br,"1,296.75",Brazil,Portuguese,News and Media,Minimum 1 year
2,cancan.ro,676,Romania,Romanian,-,Minimum 1 year
3,mixvale.com.br,471.87,Brazil,Portuguese,News,Minimum 1 Year
4,ziaruldeiasi.ro,232.5,Romania,Romanian,-,Minimum 1 year
5,as.ro,315,Romania,Romanian,-,Minimum 1 year
6,economipedia.com,"1,214.85",Mexico,Spanish,Economics/Finance,Minimum 1 year
7,guardian.ng,"1,092.00",Nigeria,English,News,Minimum 1 year
8,eleconomista.com.ar,810.81,Argentina,Spanish,News,Minimum 1 Year
9,avantaje.ro,329,Romania,Romanian,-,Minimum 1 year
10,ambitojuridico.com.br,198,Brazil,Portuguese,Legal/Juridical,Minimum 1 year
11,open.edu,"2,820.55",United States,English,Education,Minimum 1 Year
12,samnytt.se,"1,284.83",Sweden,Swedish,Arts &amp; Entertainment,Minimum 1 year
13,clicksanatate.ro,884,Romania,Romanian,-,Minimum 1 year
14,technoxyz.com,374.5,India,English,Computers/Internet/Gaming,Minimum 1 year
15,diariodelistmo.com,290.4,Mexico,Spanish,News,Minimum 1 year
16,ziuadevest.ro,135,Romania,Romanian,-,Minimum 1 year
17,diariodoaco.com.br,335.93,Brazil,Portuguese,Arts &amp; Entertainment,Minimum 1 year
18,tradeflock.com,"1,160.25",India,English,Business &amp; Industrial,Minimum 1 year
19,boyens-medien.de,"1,316.34",Germany,German,News,Minimum 1 year
20,fastfuriousscooters.nl,"2,224.80",Netherlands,Dutch,-,Minimum 1 Year
21,spacecoastdaily.com,887.25,United States,English,News and Media,Minimum 1 year
22,kfetele.ro,300,Romania,Romanian,-,Minimum 1 year
23,alltforforaldrar.se,"1,359.60",Sweden,Swedish,Family,Minimum 1 year
24,egamersworld.com,722.97,United States,English,Games/Computer &amp; Video Games/Strategy Games,Minimum 1 year
25,de.egamersworld.com,698.87,United States,German,Games/Computer &amp; Video Games/Strategy Games,Minimum 1 year
26,gacetinmadrid.com,321.33,Spain,Spanish,News,Minimum 1 Year
27,infonegocios.info,569.24,Argentina,Spanish,News,Minimum 1 Year
28,football-aktuell.de,722.97,Germany,German,Sports/football,Minimum 1 year
29,merca2.es,524.3,Spain,Spanish,Business/News,Minimum 1 year
30,breizh-info.com,"1,631.52",France,French,News,Minimum 1 Year
31,calarasipress.ro,97.5,Romania,Romanian,-,Minimum 1 year
32,noticialdia.com,252.45,Venezuela,Spanish,People &amp; Society,Minimum 1 year
33,chattestdu.de,"2,024.57",Germany,German,Entertainment,Minimum 1 Year
34,xgn.nl,"6,550.80",Netherlands,Dutch,Games/Computer &amp; Video Games,Minimum 1 year
35,incomod-media.ro,75,Romania,Romanian,-,Minimum 1 year
36,marsemfim.com.br,413.45,Brazil,Portuguese,Internet &amp; Telecom - Web Services - Domain Parking,Minimum 1 year
37,manutdfanatics.hu,599.2,Hungary,Hungarian,Sports,Permanent
38,hifi.nl,"1,977.60",Netherlands,Dutch,Technology,Permanent
40,chelseapoland.com,819,Poland,Polish,Sports,Minimum 1 Year
41,chip.cz,750.75,Czech Republic,Czech,Technology,Minimum 1 year
42,semanariodejunin.com.ar,165,Argentina,Spanish,News,Permanent
43,lavozdemedinadigital.com,569.24,Spain,Spanish,News,Permanent
44,ziarulderoman.ro,165,Romania,Romanian,-,Minimum 1 year
45,jurnalgiurgiuvean.ro,142.5,Romania,Romanian,-,Minimum 1 year
46,elsemanaldelamancha.com,198,Spain,Spanish,News,Minimum 1 Year
47,seintamplainvalcea.ro,90,Romania,Romanian,-,Minimum 1 year
48,latinamericanpost.com,444.91,India,English,News,Minimum 1 Year
49,contactohoy.com.mx,249.15,Mexico,Spanish,Sensitive Subjects,Minimum 1 year
50,casinobonus2.co,674.1,United States,English,Games/Card Games/Poker &amp; Casino Games,Minimum 1 year
51,bzv.ro,90,Romania,Romanian,-,Minimum 1 year
52,pelisaannot.fi,554.26,Finland,Finnish,Arts &amp; Entertainment,1 year
53,starleaf.com,288.75,United States,English,Blog,Minimum 1 year
54,fundly.com,82.5,United States,English,People &amp; Society - Social Issues &amp; Advocacy - Charity &amp; Philanthropy,Minimum 1 year
55,cearaagora.com.br,760.31,Brazil,Portuguese,News,Minimum 1 Year
56,minhaoperadora.com.br,413.45,Brazil,Portuguese,Technology/Telecommunications,Minimum 1 year
57,breakingthelines.com,138.6,United States,English,Sports - Team Sports - Soccer,Permanent
58,animationxpress.com,344.54,India,English,Entertainment/Animation,Minimum 1 year
59,zakynthos.nl,411.95,Netherlands,Dutch,Holiday,Permanent
60,marshmallowchallenge.com,288.75,United States,English,Food &amp; Drink,Minimum 1 year
61,ahly.online,337.05,Saudi Arabia,Arabic,Sports,Minimum 1 Year
62,pricepusher.dk,"1,236.00",Denmark,Danish,Internet &amp; Telecom - Mobile &amp; Wireless - Mobile Phones,Minimum 1 year
63,vilhenanoticias.com.br,82.5,Brazil,Portuguese,News,Minimum 1 year
64,mascolombia.com,435.92,Colombia,Spanish,Travel,Minimum 1 Year
65,indien.nu,"1,023.75",Sweden,Swedish,Travel/India,Minimum 1 year
66,brainking.com,819,Turkey,Finnish,Gaming,Minimum 1 year
67,infoactual.ro,336,Romania,Romanian,-,Minimum 1 year
68,bigfightweekend.com,600.7,United States,English,Sports - Combat Sports - Boxing,Minimum 1 year
69,helpdisk.nl,682.5,Netherlands,Dutch,Technology,Permanent
70,filmsor.hu,"1,236.00",Hungary,Hungarian,Entertainment,Permanent
71,pieuvre.ca,524.3,France,French,Arts &amp; Entertainment,Minimum 1 year
72,the5krunner.com,914.55,United States,English,Shopping/Apparel,Minimum 1 year
74,maranhaohoje.com,734.64,Brazil,Portuguese,Local News,Minimum 1 year
75,holdsport.net,887.25,India,Danish,Sports,Minimum 1 year
76,baddie-hub.net,584.22,United States,English,Online Communities/Blogging Resources &amp; Services,Minimum 1 year
77,press.farm,307.09,United States,English,-,Minimum 1 Year
78,vetgirig.nu,750.75,Sweden,Swedish,Finance,Permanent
79,jornalgrandebahia.com.br,183.15,Brazil,Portuguese,News and Media,Minimum 1 year
80,rln.cl,297,Chile,Spanish,News,Minimum 1 Year
81,donnaclick.it,955.5,Italy,Italian,Arts &amp; Entertainment/Music &amp; Audio/Pop Music,Permanent
82,sguru.org,265.65,India,English,Technology/Internet Marketing,Minimum 1 year
83,icoholder.com,"1,092.00",Turkey,English,Finance/Investing/Currencies &amp; Foreign Exchange,Minimum 1 year
84,jornalpontagrossa.com.br,211.65,Brazil,Portuguese,General,Minimum 1 year
85,elagora.digital,115.5,Argentina,Spanish,-,Permanent
86,aykutozdemir.com.tr,11.07,Turkey,Turkish,-,Minimum 1 year
87,filmshortage.com,381.99,United States,English,Film and Entertainment,Minimum 1 year
89,infooradea.ro,150,Romania,Romanian,-,Minimum 1 year
90,copts-united.com,227.7,Egypt,Arabic,News,Minimum 1 year
91,northiowatoday.com,374.5,United States,English,Sensitive Subjects,Minimum 1 year
92,icesty.cz,441.91,Czech Republic,Czech,Travel,Permanent
93,segoviaaldia.es,449.4,Spain,Spanish,News,Permanent
94,kapricasecurity.com,819,Japan,Japanese,General,Permanent
95,edmradio.es,479.36,Spain,Spanish,Entertainment,Permanent
96,internettjek.dk,"1,214.85",Denmark,Danish,Tech,Minimum 1 year
97,rightnowpath.net,204.75,United States,English,"Personal Dev, Self-Improvement, Goal Setting",Minimum 1 year
98,backstageviral.com,105.6,United States,English,Entertainment/Pop Culture,Minimum 1 year
99,info-brno.cz,750.75,Czech Republic,Czech,Review,Minimum 1 year
100,barbermaskine-tilbud.dk,750.75,Denmark,Danish,Home,Minimum 1 year
102,gamelegends.it,247.5,Italy,Italian,-,Minimum 1 year
103,sports-insider.de,"1,092.00",Germany,German,Sports,Permanent
104,cantabria24horas.com,231,Spain,Spanish,News and Media,Minimum 1 year
105,halt.org,"1,023.75",United States,English,Law &amp; Government/Legal/Legal Services,Minimum 1 year
106,johnnyafrica.com,479.36,United States,English,Travel,Permanent
107,traveldailynews.com,247.5,United States,English,Travel and Tourism,Minimum 1 year
108,theplay.news,554.26,Spain,Spanish,"Entertainment, games, news",Permanent
109,engenhariae.com.br,321.33,Brazil,Portuguese,Science,Permanent
110,mundo-nipo.com,77.55,Brazil,Portuguese,Food &amp; Drink,Permanent
111,blackjack-winner.de,728.82,Germany,German,Gambling/Online Casino,Minimum 1 year
112,krazytech.com,82.5,India,English,Computers &amp; Electronics,Minimum 1 year
113,abudhabishoppingguide.me,247.5,United Arab Emirates,English,Shopping/Mass Merchants &amp; Department Stores,Permanent
114,berlin030.de,674.1,Germany,German,Arts &amp; Entertainment,Minimum 1 year
115,diariodecuritiba.com,324.62,Brazil,Portuguese,News,Minimum 1 Year
116,virtuaalivaluutta.com,819,Finland,Finnish,Cryptos,Minimum 1 year
117,diablofans.cz,413.45,Czech Republic,Czech,Games - Roleplaying Games,Permanent
118,tentonhammer.com,469.63,United States,English,Arts &amp; Entertainment/Online Media,Minimum 1 year
119,temucodiario.cl,123.75,Chile,Spanish,Jobs &amp; Education/Education/Colleges &amp; Universities,Minimum 1 year
120,rhein-wied-news.com,629.16,Germany,German,Books &amp; Literature,Minimum 1 year
121,autoserviceworld.com,247.5,United States,English,Autos &amp; Vehicles,Minimum 1 year
122,thewincolumn.ca,449.4,Canada,English,Sports,Minimum 1 year
123,dubairestaurantsguide.com,247.5,United Arab Emirates,English,Food and Dining,Minimum 1 year
124,thefoodpocketguide.com,524.3,United States,English,Food &amp; Drink - Cooking &amp; Recipes,Permanent
125,voresbyvejle.dk,791.7,Denmark,Danish,News,Minimum 1 year
126,ziaruloval.ro,75,Romania,Romanian,-,Minimum 1 year
127,designculture.com.br,165,Brazil,Portuguese,Arts &amp; Entertainment/Visual Art &amp; Design/Design,2 years
128,newsnovara.it,278.85,Italy,Italian,News and Media,Minimum 1 year
129,whitelightriot.com,94.5,United States,English,"Wellness, Self-Discovery",Minimum 1 year
130,sverige.nu,900.9,Sweden,Swedish,Internet &amp; Telecom - Web Services,Minimum 1 year
131,vaken.se,"1,359.60",Sweden,Swedish,General,Permanent
132,husmoren.no,449.4,Norway,Norwegian,Family,Permanent
133,bob-dylan.org.uk,468.87,United States,English,Arts &amp; Entertainment - Music &amp; Audio - Rock Music,Minimum 1 year
135,revista-airelibre.com,49.5,Mexico,Spanish,Hobbies &amp; Leisure/Outdoors/Fishing,Permanent
136,blackjack-winner.de,728.82,Germany,German,Gambling/Online Casino,Minimum 1 year
137,krazytech.com,82.5,India,English,Computers &amp; Electronics,Minimum 1 year
138,abudhabishoppingguide.me,247.5,United Arab Emirates,English,Shopping/Mass Merchants &amp; Department Stores,Permanent
139,berlin030.de,674.1,Germany,German,Arts &amp; Entertainment,Minimum 1 year
140,diariodecuritiba.com,324.62,Brazil,Portuguese,News,Minimum 1 Year
141,virtuaalivaluutta.com,819,Finland,Finnish,Cryptos,Minimum 1 year
142,diablofans.cz,413.45,Czech Republic,Czech,Games - Roleplaying Games,Permanent
143,tentonhammer.com,469.63,United States,English,Arts &amp; Entertainment/Online Media,Minimum 1 year
144,temucodiario.cl,123.75,Chile,Spanish,Jobs &amp; Education/Education/Colleges &amp; Universities,Minimum 1 year
145,rhein-wied-news.com,629.16,Germany,German,Books &amp; Literature,Minimum 1 year
146,autoserviceworld.com,247.5,United States,English,Autos &amp; Vehicles,Minimum 1 year
147,thewincolumn.ca,449.4,Canada,English,Sports,Minimum 1 year
148,dubairestaurantsguide.com,247.5,United Arab Emirates,English,Food and Dining,Minimum 1 year
149,thefoodpocketguide.com,524.3,United States,English,Food &amp; Drink - Cooking &amp; Recipes,Permanent
150,voresbyvejle.dk,791.7,Denmark,Danish,News,Minimum 1 year
151,ziaruloval.ro,75,Romania,Romanian,-,Minimum 1 year
152,designculture.com.br,165,Brazil,Portuguese,Arts &amp; Entertainment/Visual Art &amp; Design/Design,2 years
153,newsnovara.it,278.85,Italy,Italian,News and Media,Minimum 1 year
154,whitelightriot.com,94.5,United States,English,"Wellness, Self-Discovery",Minimum 1 year
155,sverige.nu,900.9,Sweden,Swedish,Internet &amp; Telecom - Web Services,Minimum 1 year
156,vaken.se,"1,359.60",Sweden,Swedish,General,Permanent
157,husmoren.no,449.4,Norway,Norwegian,Family,Permanent
158,bob-dylan.org.uk,468.87,United States,English,Arts &amp; Entertainment - Music &amp; Audio - Rock Music,Minimum 1 year
160,revista-airelibre.com,49.5,Mexico,Spanish,Hobbies &amp; Leisure/Outdoors/Fishing,Permanent
161,blackjack-winner.de,728.82,Germany,German,Gambling/Online Casino,Minimum 1 year
162,krazytech.com,82.5,India,English,Computers &amp; Electronics,Minimum 1 year
163,abudhabishoppingguide.me,247.5,United Arab Emirates,English,Shopping/Mass Merchants &amp; Department Stores,Permanent
164,berlin030.de,674.1,Germany,German,Arts &amp; Entertainment,Minimum 1 year
165,diariodecuritiba.com,324.62,Brazil,Portuguese,News,Minimum 1 Year
166,virtuaalivaluutta.com,819,Finland,Finnish,Cryptos,Minimum 1 year
167,diablofans.cz,413.45,Czech Republic,Czech,Games - Roleplaying Games,Permanent
168,tentonhammer.com,469.63,United States,English,Arts &amp; Entertainment/Online Media,Minimum 1 year
169,temucodiario.cl,123.75,Chile,Spanish,Jobs &amp; Education/Education/Colleges &amp; Universities,Minimum 1 year
170,rhein-wied-news.com,629.16,Germany,German,Books &amp; Literature,Minimum 1 year
171,autoserviceworld.com,247.5,United States,English,Autos &amp; Vehicles,Minimum 1 year
172,thewincolumn.ca,449.4,Canada,English,Sports,Minimum 1 year
173,dubairestaurantsguide.com,247.5,United Arab Emirates,English,Food and Dining,Minimum 1 year
174,thefoodpocketguide.com,524.3,United States,English,Food &amp; Drink - Cooking &amp; Recipes,Permanent
175,voresbyvejle.dk,791.7,Denmark,Danish,News,Minimum 1 year
176,ziaruloval.ro,75,Romania,Romanian,-,Minimum 1 year
177,designculture.com.br,165,Brazil,Portuguese,Arts &amp; Entertainment/Visual Art &amp; Design/Design,2 years
178,newsnovara.it,278.85,Italy,Italian,News and Media,Minimum 1 year
179,whitelightriot.com,94.5,United States,English,"Wellness, Self-Discovery",Minimum 1 year
180,sverige.nu,900.9,Sweden,Swedish,Internet &amp; Telecom - Web Services,Minimum 1 year
181,vaken.se,"1,359.60",Sweden,Swedish,General,Permanent
182,husmoren.no,449.4,Norway,Norwegian,Family,Permanent
183,bob-dylan.org.uk,468.87,United States,English,Arts &amp; Entertainment - Music &amp; Audio - Rock Music,Minimum 1 year
185,revista-airelibre.com,49.5,Mexico,Spanish,Hobbies &amp; Leisure/Outdoors/Fishing,Permanent
186,blackjack-winner.de,728.82,Germany,German,Gambling/Online Casino,Minimum 1 year
187,krazytech.com,82.5,India,English,Computers &amp; Electronics,Minimum 1 year
188,abudhabishoppingguide.me,247.5,United Arab Emirates,English,Shopping/Mass Merchants &amp; Department Stores,Permanent
189,berlin030.de,674.1,Germany,German,Arts &amp; Entertainment,Minimum 1 year
190,diariodecuritiba.com,324.62,Brazil,Portuguese,News,Minimum 1 Year
191,virtuaalivaluutta.com,819,Finland,Finnish,Cryptos,Minimum 1 year
192,diablofans.cz,413.45,Czech Republic,Czech,Games - Roleplaying Games,Permanent
193,tentonhammer.com,469.63,United States,English,Arts &amp; Entertainment/Online Media,Minimum 1 year
194,temucodiario.cl,123.75,Chile,Spanish,Jobs &amp; Education/Education/Colleges &amp; Universities,Minimum 1 year
195,rhein-wied-news.com,629.16,Germany,German,Books &amp; Literature,Minimum 1 year
196,autoserviceworld.com,247.5,United States,English,Autos &amp; Vehicles,Minimum 1 year
197,thewincolumn.ca,449.4,Canada,English,Sports,Minimum 1 year
198,dubairestaurantsguide.com,247.5,United Arab Emirates,English,Food and Dining,Minimum 1 year
199,thefoodpocketguide.com,524.3,United States,English,Food &amp; Drink - Cooking &amp; Recipes,Permanent
200,voresbyvejle.dk,791.7,Denmark,Danish,News,Minimum 1 year
201,ziaruloval.ro,75,Romania,Romanian,-,Minimum 1 year
202,designculture.com.br,165,Brazil,Portuguese,Arts &amp; Entertainment/Visual Art &amp; Design/Design,2 years
203,newsnovara.it,278.85,Italy,Italian,News and Media,Minimum 1 year
204,whitelightriot.com,94.5,United States,English,"Wellness, Self-Discovery",Minimum 1 year
205,sverige.nu,900.9,Sweden,Swedish,Internet &amp; Telecom - Web Services,Minimum 1 year
206,vaken.se,"1,359.60",Sweden,Swedish,General,Permanent
207,husmoren.no,449.4,Norway,Norwegian,Family,Permanent
208,bob-dylan.org.uk,468.87,United States,English,Arts &amp; Entertainment - Music &amp; Audio - Rock Music,Minimum 1 year
210,revista-airelibre.com,49.5,Mexico,Spanish,Hobbies &amp; Leisure/Outdoors/Fishing,Permanent
211,blackjack-winner.de,728.82,Germany,German,Gambling/Online Casino,Minimum 1 year
212,krazytech.com,82.5,India,English,Computers &amp; Electronics,Minimum 1 year
213,abudhabishoppingguide.me,247.5,United Arab Emirates,English,Shopping/Mass Merchants &amp; Department Stores,Permanent
214,berlin030.de,674.1,Germany,German,Arts &amp; Entertainment,Minimum 1 year
215,diariodecuritiba.com,324.62,Brazil,Portuguese,News,Minimum 1 Year
216,virtuaalivaluutta.com,819,Finland,Finnish,Cryptos,Minimum 1 year
217,diablofans.cz,413.45,Czech Republic,Czech,Games - Roleplaying Games,Permanent
218,tentonhammer.com,469.63,United States,English,Arts &amp; Entertainment/Online Media,Minimum 1 year
219,temucodiario.cl,123.75,Chile,Spanish,Jobs &amp; Education/Education/Colleges &amp; Universities,Minimum 1 year
220,rhein-wied-news.com,629.16,Germany,German,Books &amp; Literature,Minimum 1 year
221,autoserviceworld.com,247.5,United States,English,Autos &amp; Vehicles,Minimum 1 year
222,thewincolumn.ca,449.4,Canada,English,Sports,Minimum 1 year
223,dubairestaurantsguide.com,247.5,United Arab Emirates,English,Food and Dining,Minimum 1 year
224,thefoodpocketguide.com,524.3,United States,English,Food &amp; Drink - Cooking &amp; Recipes,Permanent
225,voresbyvejle.dk,791.7,Denmark,Danish,News,Minimum 1 year
226,ziaruloval.ro,75,Romania,Romanian,-,Minimum 1 year
227,designculture.com.br,165,Brazil,Portuguese,Arts &amp; Entertainment/Visual Art &amp; Design/Design,2 years
228,newsnovara.it,278.85,Italy,Italian,News and Media,Minimum 1 year
229,whitelightriot.com,94.5,United States,English,"Wellness, Self-Discovery",Minimum 1 year
230,sverige.nu,900.9,Sweden,Swedish,Internet &amp; Telecom - Web Services,Minimum 1 year
231,vaken.se,"1,359.60",Sweden,Swedish,General,Permanent
232,husmoren.no,449.4,Norway,Norwegian,Family,Permanent
233,bob-dylan.org.uk,468.87,United States,English,Arts &amp; Entertainment - Music &amp; Audio - Rock Music,Minimum 1 year
235,revista-airelibre.com,49.5,Mexico,Spanish,Hobbies &amp; Leisure/Outdoors/Fishing,Permanent
236,blackjack-winner.de,728.82,Germany,German,Gambling/Online Casino,Minimum 1 year
237,krazytech.com,82.5,India,English,Computers &amp; Electronics,Minimum 1 year
238,abudhabishoppingguide.me,247.5,United Arab Emirates,English,Shopping/Mass Merchants &amp; Department Stores,Permanent
239,berlin030.de,674.1,Germany,German,Arts &amp; Entertainment,Minimum 1 year
240,diariodecuritiba.com,324.62,Brazil,Portuguese,News,Minimum 1 Year
241,virtuaalivaluutta.com,819,Finland,Finnish,Cryptos,Minimum 1 year
242,diablofans.cz,413.45,Czech Republic,Czech,Games - Roleplaying Games,Permanent
243,tentonhammer.com,469.63,United States,English,Arts &amp; Entertainment/Online Media,Minimum 1 year
244,temucodiario.cl,123.75,Chile,Spanish,Jobs &amp; Education/Education/Colleges &amp; Universities,Minimum 1 year
245,rhein-wied-news.com,629.16,Germany,German,Books &amp; Literature,Minimum 1 year
246,autoserviceworld.com,247.5,United States,English,Autos &amp; Vehicles,Minimum 1 year
247,thewincolumn.ca,449.4,Canada,English,Sports,Minimum 1 year
248,dubairestaurantsguide.com,247.5,United Arab Emirates,English,Food and Dining,Minimum 1 year
249,thefoodpocketguide.com,524.3,United States,English,Food &amp; Drink - Cooking &amp; Recipes,Permanent
250,voresbyvejle.dk,791.7,Denmark,Danish,News,Minimum 1 year
251,ziaruloval.ro,75,Romania,Romanian,-,Minimum 1 year
252,designculture.com.br,165,Brazil,Portuguese,Arts &amp; Entertainment/Visual Art &amp; Design/Design,2 years
253,newsnovara.it,278.85,Italy,Italian,News and Media,Minimum 1 year
254,whitelightriot.com,94.5,United States,English,"Wellness, Self-Discovery",Minimum 1 year
255,sverige.nu,900.9,Sweden,Swedish,Internet &amp; Telecom - Web Services,Minimum 1 year
256,vaken.se,"1,359.60",Sweden,Swedish,General,Permanent
257,husmoren.no,449.4,Norway,Norwegian,Family,Permanent
258,bob-dylan.org.uk,468.87,United States,English,Arts &amp; Entertainment - Music &amp; Audio - Rock Music,Minimum 1 year
260,revista-airelibre.com,49.5,Mexico,Spanish,Hobbies &amp; Leisure/Outdoors/Fishing,Permanent
261,blackjack-winner.de,728.82,Germany,German,Gambling/Online Casino,Minimum 1 year
262,krazytech.com,82.5,India,English,Computers &amp; Electronics,Minimum 1 year
263,abudhabishoppingguide.me,247.5,United Arab Emirates,English,Shopping/Mass Merchants &amp; Department Stores,Permanent
264,berlin030.de,674.1,Germany,German,Arts &amp; Entertainment,Minimum 1 year
265,diariodecuritiba.com,324.62,Brazil,Portuguese,News,Minimum 1 Year
266,virtuaalivaluutta.com,819,Finland,Finnish,Cryptos,Minimum 1 year
267,diablofans.cz,413.45,Czech Republic,Czech,Games - Roleplaying Games,Permanent
268,tentonhammer.com,469.63,United States,English,Arts &amp; Entertainment/Online Media,Minimum 1 year
269,temucodiario.cl,123.75,Chile,Spanish,Jobs &amp; Education/Education/Colleges &amp; Universities,Minimum 1 year
270,rhein-wied-news.com,629.16,Germany,German,Books &amp; Literature,Minimum 1 year
271,autoserviceworld.com,247.5,United States,English,Autos &amp; Vehicles,Minimum 1 year
272,thewincolumn.ca,449.4,Canada,English,Sports,Minimum 1 year
273,dubairestaurantsguide.com,247.5,United Arab Emirates,English,Food and Dining,Minimum 1 year
274,thefoodpocketguide.com,524.3,United States,English,Food &amp; Drink - Cooking &amp; Recipes,Permanent
275,voresbyvejle.dk,791.7,Denmark,Danish,News,Minimum 1 year
276,ziaruloval.ro,75,Romania,Romanian,-,Minimum 1 year
277,designculture.com.br,165,Brazil,Portuguese,Arts &amp; Entertainment/Visual Art &amp; Design/Design,2 years
278,newsnovara.it,278.85,Italy,Italian,News and Media,Minimum 1 year
279,whitelightriot.com,94.5,United States,English,"Wellness, Self-Discovery",Minimum 1 year
280,sverige.nu,900.9,Sweden,Swedish,Internet &amp; Telecom - Web Services,Minimum 1 year
281,vaken.se,"1,359.60",Sweden,Swedish,General,Permanent
282,husmoren.no,449.4,Norway,Norwegian,Family,Permanent
283,bob-dylan.org.uk,468.87,United States,English,Arts &amp; Entertainment - Music &amp; Audio - Rock Music,Minimum 1 year
285,revista-airelibre.com,49.5,Mexico,Spanish,Hobbies &amp; Leisure/Outdoors/Fishing,Permanent
286,blackjack-winner.de,728.82,Germany,German,Gambling/Online Casino,Minimum 1 year
287,krazytech.com,82.5,India,English,Computers &amp; Electronics,Minimum 1 year
288,abudhabishoppingguide.me,247.5,United Arab Emirates,English,Shopping/Mass Merchants &amp; Department Stores,Permanent
289,berlin030.de,674.1,Germany,German,Arts &amp; Entertainment,Minimum 1 year
290,diariodecuritiba.com,324.62,Brazil,Portuguese,News,Minimum 1 Year
291,virtuaalivaluutta.com,819,Finland,Finnish,Cryptos,Minimum 1 year
292,diablofans.cz,413.45,Czech Republic,Czech,Games - Roleplaying Games,Permanent
293,tentonhammer.com,469.63,United States,English,Arts &amp; Entertainment/Online Media,Minimum 1 year
294,temucodiario.cl,123.75,Chile,Spanish,Jobs &amp; Education/Education/Colleges &amp; Universities,Minimum 1 year
295,rhein-wied-news.com,629.16,Germany,German,Books &amp; Literature,Minimum 1 year
296,autoserviceworld.com,247.5,United States,English,Autos &amp; Vehicles,Minimum 1 year
297,thewincolumn.ca,449.4,Canada,English,Sports,Minimum 1 year
298,dubairestaurantsguide.com,247.5,United Arab Emirates,English,Food and Dining,Minimum 1 year
299,thefoodpocketguide.com,524.3,United States,English,Food &amp; Drink - Cooking &amp; Recipes,Permanent
300,voresbyvejle.dk,791.7,Denmark,Danish,News,Minimum 1 year
301,ziaruloval.ro,75,Romania,Romanian,-,Minimum 1 year
302,designculture.com.br,165,Brazil,Portuguese,Arts &amp; Entertainment/Visual Art &amp; Design/Design,2 years
303,newsnovara.it,278.85,Italy,Italian,News and Media,Minimum 1 year
304,whitelightriot.com,94.5,United States,English,"Wellness, Self-Discovery",Minimum 1 year
305,sverige.nu,900.9,Sweden,Swedish,Internet &amp; Telecom - Web Services,Minimum 1 year
306,vaken.se,"1,359.60",Sweden,Swedish,General,Permanent
307,husmoren.no,449.4,Norway,Norwegian,Family,Permanent
308,bob-dylan.org.uk,468.87,United States,English,Arts &amp; Entertainment - Music &amp; Audio - Rock Music,Minimum 1 year
310,revista-airelibre.com,49.5,Mexico,Spanish,Hobbies &amp; Leisure/Outdoors/Fishing,Permanent
311,blackjack-winner.de,728.82,Germany,German,Gambling/Online Casino,Minimum 1 year
312,krazytech.com,82.5,India,English,Computers &amp; Electronics,Minimum 1 year
313,abudhabishoppingguide.me,247.5,United Arab Emirates,English,Shopping/Mass Merchants &amp; Department Stores,Permanent
314,berlin030.de,674.1,Germany,German,Arts &amp; Entertainment,Minimum 1 year
315,diariodecuritiba.com,324.62,Brazil,Portuguese,News,Minimum 1 Year
316,virtuaalivaluutta.com,819,Finland,Finnish,Cryptos,Minimum 1 year
317,diablofans.cz,413.45,Czech Republic,Czech,Games - Roleplaying Games,Permanent
318,tentonhammer.com,469.63,United States,English,Arts &amp; Entertainment/Online Media,Minimum 1 year
319,temucodiario.cl,123.75,Chile,Spanish,Jobs &amp; Education/Education/Colleges &amp; Universities,Minimum 1 year
320,rhein-wied-news.com,629.16,Germany,German,Books &amp; Literature,Minimum 1 year
321,autoserviceworld.com,247.5,United States,English,Autos &amp; Vehicles,Minimum 1 year
322,thewincolumn.ca,449.4,Canada,English,Sports,Minimum 1 year
323,dubairestaurantsguide.com,247.5,United Arab Emirates,English,Food and Dining,Minimum 1 year
324,thefoodpocketguide.com,524.3,United States,English,Food &amp; Drink - Cooking &amp; Recipes,Permanent
325,voresbyvejle.dk,791.7,Denmark,Danish,News,Minimum 1 year
326,ziaruloval.ro,75,Romania,Romanian,-,Minimum 1 year
327,designculture.com.br,165,Brazil,Portuguese,Arts &amp; Entertainment/Visual Art &amp; Design/Design,2 years
328,newsnovara.it,278.85,Italy,Italian,News and Media,Minimum 1 year
329,whitelightriot.com,94.5,United States,English,"Wellness, Self-Discovery",Minimum 1 year
330,sverige.nu,900.9,Sweden,Swedish,Internet &amp; Telecom - Web Services,Minimum 1 year
331,vaken.se,"1,359.60",Sweden,Swedish,General,Permanent
332,husmoren.no,449.4,Norway,Norwegian,Family,Permanent
333,bob-dylan.org.uk,468.87,United States,English,Arts &amp; Entertainment - Music &amp; Audio - Rock Music,Minimum 1 year
335,revista-airelibre.com,49.5,Mexico,Spanish,Hobbies &amp; Leisure/Outdoors/Fishing,Permanent
336,blackjack-winner.de,728.82,Germany,German,Gambling/Online Casino,Minimum 1 year
337,krazytech.com,82.5,India,English,Computers &amp; Electronics,Minimum 1 year
338,abudhabishoppingguide.me,247.5,United Arab Emirates,English,Shopping/Mass Merchants &amp; Department Stores,Permanent
339,berlin030.de,674.1,Germany,German,Arts &amp; Entertainment,Minimum 1 year
340,diariodecuritiba.com,324.62,Brazil,Portuguese,News,Minimum 1 Year
341,virtuaalivaluutta.com,819,Finland,Finnish,Cryptos,Minimum 1 year
342,diablofans.cz,413.45,Czech Republic,Czech,Games - Roleplaying Games,Permanent
343,tentonhammer.com,469.63,United States,English,Arts &amp; Entertainment/Online Media,Minimum 1 year
344,temucodiario.cl,123.75,Chile,Spanish,Jobs &amp; Education/Education/Colleges &amp; Universities,Minimum 1 year
345,rhein-wied-news.com,629.16,Germany,German,Books &amp; Literature,Minimum 1 year
346,autoserviceworld.com,247.5,United States,English,Autos &amp; Vehicles,Minimum 1 year
347,thewincolumn.ca,449.4,Canada,English,Sports,Minimum 1 year
348,dubairestaurantsguide.com,247.5,United Arab Emirates,English,Food and Dining,Minimum 1 year
349,thefoodpocketguide.com,524.3,United States,English,Food &amp; Drink - Cooking &amp; Recipes,Permanent
350,voresbyvejle.dk,791.7,Denmark,Danish,News,Minimum 1 year
351,ziaruloval.ro,75,Romania,Romanian,-,Minimum 1 year
352,designculture.com.br,165,Brazil,Portuguese,Arts &amp; Entertainment/Visual Art &amp; Design/Design,2 years
353,newsnovara.it,278.85,Italy,Italian,News and Media,Minimum 1 year
354,whitelightriot.com,94.5,United States,English,"Wellness, Self-Discovery",Minimum 1 year
355,sverige.nu,900.9,Sweden,Swedish,Internet &amp; Telecom - Web Services,Minimum 1 year
356,vaken.se,"1,359.60",Sweden,Swedish,General,Permanent
357,husmoren.no,449.4,Norway,Norwegian,Family,Permanent
358,bob-dylan.org.uk,468.87,United States,English,Arts &amp; Entertainment - Music &amp; Audio - Rock Music,Minimum 1 year
360,revista-airelibre.com,49.5,Mexico,Spanish,Hobbies &amp; Leisure/Outdoors/Fishing,Permanent
361,blackjack-winner.de,728.82,Germany,German,Gambling/Online Casino,Minimum 1 year
362,krazytech.com,82.5,India,English,Computers &amp; Electronics,Minimum 1 year
363,abudhabishoppingguide.me,247.5,United Arab Emirates,English,Shopping/Mass Merchants &amp; Department Stores,Permanent
364,berlin030.de,674.1,Germany,German,Arts &amp; Entertainment,Minimum 1 year
365,diariodecuritiba.com,324.62,Brazil,Portuguese,News,Minimum 1 Year
366,virtuaalivaluutta.com,819,Finland,Finnish,Cryptos,Minimum 1 year
367,diablofans.cz,413.45,Czech Republic,Czech,Games - Roleplaying Games,Permanent
368,tentonhammer.com,469.63,United States,English,Arts &amp; Entertainment/Online Media,Minimum 1 year
369,temucodiario.cl,123.75,Chile,Spanish,Jobs &amp; Education/Education/Colleges &amp; Universities,Minimum 1 year
370,rhein-wied-news.com,629.16,Germany,German,Books &amp; Literature,Minimum 1 year
371,autoserviceworld.com,247.5,United States,English,Autos &amp; Vehicles,Minimum 1 year
372,thewincolumn.ca,449.4,Canada,English,Sports,Minimum 1 year
373,dubairestaurantsguide.com,247.5,United Arab Emirates,English,Food and Dining,Minimum 1 year
374,thefoodpocketguide.com,524.3,United States,English,Food &amp; Drink - Cooking &amp; Recipes,Permanent
375,voresbyvejle.dk,791.7,Denmark,Danish,News,Minimum 1 year
376,ziaruloval.ro,75,Romania,Romanian,-,Minimum 1 year
377,designculture.com.br,165,Brazil,Portuguese,Arts &amp; Entertainment/Visual Art &amp; Design/Design,2 years
378,newsnovara.it,278.85,Italy,Italian,News and Media,Minimum 1 year
379,whitelightriot.com,94.5,United States,English,"Wellness, Self-Discovery",Minimum 1 year
380,sverige.nu,900.9,Sweden,Swedish,Internet &amp; Telecom - Web Services,Minimum 1 year
381,vaken.se,"1,359.60",Sweden,Swedish,General,Permanent
382,husmoren.no,449.4,Norway,Norwegian,Family,Permanent
383,bob-dylan.org.uk,468.87,United States,English,Arts &amp; Entertainment - Music &amp; Audio - Rock Music,Minimum 1 year
385,revista-airelibre.com,49.5,Mexico,Spanish,Hobbies &amp; Leisure/Outdoors/Fishing,Permanent
386,blackjack-winner.de,728.82,Germany,German,Gambling/Online Casino,Minimum 1 year
387,krazytech.com,82.5,India,English,Computers &amp; Electronics,Minimum 1 year
388,abudhabishoppingguide.me,247.5,United Arab Emirates,English,Shopping/Mass Merchants &amp; Department Stores,Permanent
389,berlin030.de,674.1,Germany,German,Arts &amp; Entertainment,Minimum 1 year
390,diariodecuritiba.com,324.62,Brazil,Portuguese,News,Minimum 1 Year
391,virtuaalivaluutta.com,819,Finland,Finnish,Cryptos,Minimum 1 year
392,diablofans.cz,413.45,Czech Republic,Czech,Games - Roleplaying Games,Permanent
393,tentonhammer.com,469.63,United States,English,Arts &amp; Entertainment/Online Media,Minimum 1 year
394,temucodiario.cl,123.75,Chile,Spanish,Jobs &amp; Education/Education/Colleges &amp; Universities,Minimum 1 year
395,rhein-wied-news.com,629.16,Germany,German,Books &amp; Literature,Minimum 1 year
396,autoserviceworld.com,247.5,United States,English,Autos &amp; Vehicles,Minimum 1 year
397,thewincolumn.ca,449.4,Canada,English,Sports,Minimum 1 year
398,dubairestaurantsguide.com,247.5,United Arab Emirates,English,Food and Dining,Minimum 1 year
399,thefoodpocketguide.com,524.3,United States,English,Food &amp; Drink - Cooking &amp; Recipes,Permanent
400,voresbyvejle.dk,791.7,Denmark,Danish,News,Minimum 1 year
401,ziaruloval.ro,75,Romania,Romanian,-,Minimum 1 year
402,designculture.com.br,165,Brazil,Portuguese,Arts &amp; Entertainment/Visual Art &amp; Design/Design,2 years
403,newsnovara.it,278.85,Italy,Italian,News and Media,Minimum 1 year
404,whitelightriot.com,94.5,United States,English,"Wellness, Self-Discovery",Minimum 1 year
405,sverige.nu,900.9,Sweden,Swedish,Internet &amp; Telecom - Web Services,Minimum 1 year
406,vaken.se,"1,359.60",Sweden,Swedish,General,Permanent
407,husmoren.no,449.4,Norway,Norwegian,Family,Permanent
408,bob-dylan.org.uk,468.87,United States,English,Arts &amp; Entertainment - Music &amp; Audio - Rock Music,Minimum 1 year
410,revista-airelibre.com,49.5,Mexico,Spanish,Hobbies &amp; Leisure/Outdoors/Fishing,Permanent
411,blackjack-winner.de,728.82,Germany,German,Gambling/Online Casino,Minimum 1 year
412,krazytech.com,82.5,India,English,Computers &amp; Electronics,Minimum 1 year
413,abudhabishoppingguide.me,247.5,United Arab Emirates,English,Shopping/Mass Merchants &amp; Department Stores,Permanent
414,berlin030.de,674.1,Germany,German,Arts &amp; Entertainment,Minimum 1 year
415,diariodecuritiba.com,324.62,Brazil,Portuguese,News,Minimum 1 Year
416,virtuaalivaluutta.com,819,Finland,Finnish,Cryptos,Minimum 1 year
417,diablofans.cz,413.45,Czech Republic,Czech,Games - Roleplaying Games,Permanent
418,tentonhammer.com,469.63,United States,English,Arts &amp; Entertainment/Online Media,Minimum 1 year
419,temucodiario.cl,123.75,Chile,Spanish,Jobs &amp; Education/Education/Colleges &amp; Universities,Minimum 1 year
420,rhein-wied-news.com,629.16,Germany,German,Books &amp; Literature,Minimum 1 year
421,autoserviceworld.com,247.5,United States,English,Autos &amp; Vehicles,Minimum 1 year
422,thewincolumn.ca,449.4,Canada,English,Sports,Minimum 1 year
423,dubairestaurantsguide.com,247.5,United Arab Emirates,English,Food and Dining,Minimum 1 year
424,thefoodpocketguide.com,524.3,United States,English,Food &amp; Drink - Cooking &amp; Recipes,Permanent
425,voresbyvejle.dk,791.7,Denmark,Danish,News,Minimum 1 year
426,ziaruloval.ro,75,Romania,Romanian,-,Minimum 1 year
427,designculture.com.br,165,Brazil,Portuguese,Arts &amp; Entertainment/Visual Art &amp; Design/Design,2 years
428,newsnovara.it,278.85,Italy,Italian,News and Media,Minimum 1 year
429,whitelightriot.com,94.5,United States,English,"Wellness, Self-Discovery",Minimum 1 year
430,sverige.nu,900.9,Sweden,Swedish,Internet &amp; Telecom - Web Services,Minimum 1 year
431,vaken.se,"1,359.60",Sweden,Swedish,General,Permanent
432,husmoren.no,449.4,Norway,Norwegian,Family,Permanent
433,bob-dylan.org.uk,468.87,United States,English,Arts &amp; Entertainment - Music &amp; Audio - Rock Music,Minimum 1 year
435,revista-airelibre.com,49.5,Mexico,Spanish,Hobbies &amp; Leisure/Outdoors/Fishing,Permanent
436,blackjack-winner.de,728.82,Germany,German,Gambling/Online Casino,Minimum 1 year
437,krazytech.com,82.5,India,English,Computers &amp; Electronics,Minimum 1 year
438,abudhabishoppingguide.me,247.5,United Arab Emirates,English,Shopping/Mass Merchants &amp; Department Stores,Permanent
439,berlin030.de,674.1,Germany,German,Arts &amp; Entertainment,Minimum 1 year
440,diariodecuritiba.com,324.62,Brazil,Portuguese,News,Minimum 1 Year
441,virtuaalivaluutta.com,819,Finland,Finnish,Cryptos,Minimum 1 year
442,diablofans.cz,413.45,Czech Republic,Czech,Games - Roleplaying Games,Permanent
443,tentonhammer.com,469.63,United States,English,Arts &amp; Entertainment/Online Media,Minimum 1 year
444,temucodiario.cl,123.75,Chile,Spanish,Jobs &amp; Education/Education/Colleges &amp; Universities,Minimum 1 year
445,rhein-wied-news.com,629.16,Germany,German,Books &amp; Literature,Minimum 1 year
446,autoserviceworld.com,247.5,United States,English,Autos &amp; Vehicles,Minimum 1 year
447,thewincolumn.ca,449.4,Canada,English,Sports,Minimum 1 year
448,dubairestaurantsguide.com,247.5,United Arab Emirates,English,Food and Dining,Minimum 1 year
449,thefoodpocketguide.com,524.3,United States,English,Food &amp; Drink - Cooking &amp; Recipes,Permanent
450,voresbyvejle.dk,791.7,Denmark,Danish,News,Minimum 1 year
451,ziaruloval.ro,75,Romania,Romanian,-,Minimum 1 year
452,designculture.com.br,165,Brazil,Portuguese,Arts &amp; Entertainment/Visual Art &amp; Design/Design,2 years
453,newsnovara.it,278.85,Italy,Italian,News and Media,Minimum 1 year
454,whitelightriot.com,94.5,United States,English,"Wellness, Self-Discovery",Minimum 1 year
455,sverige.nu,900.9,Sweden,Swedish,Internet &amp; Telecom - Web Services,Minimum 1 year
456,vaken.se,"1,359.60",Sweden,Swedish,General,Permanent
457,husmoren.no,449.4,Norway,Norwegian,Family,Permanent
458,bob-dylan.org.uk,468.87,United States,English,Arts &amp; Entertainment - Music &amp; Audio - Rock Music,Minimum 1 year
460,revista-airelibre.com,49.5,Mexico,Spanish,Hobbies &amp; Leisure/Outdoors/Fishing,Permanent
461,blackjack-winner.de,728.82,Germany,German,Gambling/Online Casino,Minimum 1 year
462,krazytech.com,82.5,India,English,Computers &amp; Electronics,Minimum 1 year
463,abudhabishoppingguide.me,247.5,United Arab Emirates,English,Shopping/Mass Merchants &amp; Department Stores,Permanent
464,berlin030.de,674.1,Germany,German,Arts &amp; Entertainment,Minimum 1 year
465,diariodecuritiba.com,324.62,Brazil,Portuguese,News,Minimum 1 Year
466,virtuaalivaluutta.com,819,Finland,Finnish,Cryptos,Minimum 1 year
467,diablofans.cz,413.45,Czech Republic,Czech,Games - Roleplaying Games,Permanent
468,tentonhammer.com,469.63,United States,English,Arts &amp; Entertainment/Online Media,Minimum 1 year
469,temucodiario.cl,123.75,Chile,Spanish,Jobs &amp; Education/Education/Colleges &amp; Universities,Minimum 1 year
470,rhein-wied-news.com,629.16,Germany,German,Books &amp; Literature,Minimum 1 year
471,autoserviceworld.com,247.5,United States,English,Autos &amp; Vehicles,Minimum 1 year
472,thewincolumn.ca,449.4,Canada,English,Sports,Minimum 1 year
473,dubairestaurantsguide.com,247.5,United Arab Emirates,English,Food and Dining,Minimum 1 year
474,thefoodpocketguide.com,524.3,United States,English,Food &amp; Drink - Cooking &amp; Recipes,Permanent
475,voresbyvejle.dk,791.7,Denmark,Danish,News,Minimum 1 year
476,ziaruloval.ro,75,Romania,Romanian,-,Minimum 1 year
477,designculture.com.br,165,Brazil,Portuguese,Arts &amp; Entertainment/Visual Art &amp; Design/Design,2 years
478,newsnovara.it,278.85,Italy,Italian,News and Media,Minimum 1 year
479,whitelightriot.com,94.5,United States,English,"Wellness, Self-Discovery",Minimum 1 year
480,sverige.nu,900.9,Sweden,Swedish,Internet &amp; Telecom - Web Services,Minimum 1 year
481,vaken.se,"1,359.60",Sweden,Swedish,General,Permanent
482,husmoren.no,449.4,Norway,Norwegian,Family,Permanent
483,bob-dylan.org.uk,468.87,United States,English,Arts &amp; Entertainment - Music &amp; Audio - Rock Music,Minimum 1 year
485,revista-airelibre.com,49.5,Mexico,Spanish,Hobbies &amp; Leisure/Outdoors/Fishing,Permanent
486,blackjack-winner.de,728.82,Germany,German,Gambling/Online Casino,Minimum 1 year
487,krazytech.com,82.5,India,English,Computers &amp; Electronics,Minimum 1 year
488,abudhabishoppingguide.me,247.5,United Arab Emirates,English,Shopping/Mass Merchants &amp; Department Stores,Permanent
489,berlin030.de,674.1,Germany,German,Arts &amp; Entertainment,Minimum 1 year
490,diariodecuritiba.com,324.62,Brazil,Portuguese,News,Minimum 1 Year
491,virtuaalivaluutta.com,819,Finland,Finnish,Cryptos,Minimum 1 year
492,diablofans.cz,413.45,Czech Republic,Czech,Games - Roleplaying Games,Permanent
493,tentonhammer.com,469.63,United States,English,Arts &amp; Entertainment/Online Media,Minimum 1 year
494,temucodiario.cl,123.75,Chile,Spanish,Jobs &amp; Education/Education/Colleges &amp; Universities,Minimum 1 year
495,rhein-wied-news.com,629.16,Germany,German,Books &amp; Literature,Minimum 1 year
496,autoserviceworld.com,247.5,United States,English,Autos &amp; Vehicles,Minimum 1 year
497,thewincolumn.ca,449.4,Canada,English,Sports,Minimum 1 year
498,dubairestaurantsguide.com,247.5,United Arab Emirates,English,Food and Dining,Minimum 1 year
499,thefoodpocketguide.com,524.3,United States,English,Food &amp; Drink - Cooking &amp; Recipes,Permanent
500,voresbyvejle.dk,791.7,Denmark,Danish,News,Minimum 1 year
501,ziaruloval.ro,75,Romania,Romanian,-,Minimum 1 year
502,designculture.com.br,165,Brazil,Portuguese,Arts &amp; Entertainment/Visual Art &amp; Design/Design,2 years
503,newsnovara.it,278.85,Italy,Italian,News and Media,Minimum 1 year
504,whitelightriot.com,94.5,United States,English,"Wellness, Self-Discovery",Minimum 1 year
505,sverige.nu,900.9,Sweden,Swedish,Internet &amp; Telecom - Web Services,Minimum 1 year
506,vaken.se,"1,359.60",Sweden,Swedish,General,Permanent
507,husmoren.no,449.4,Norway,Norwegian,Family,Permanent
508,bob-dylan.org.uk,468.87,United States,English,Arts &amp; Entertainment - Music &amp; Audio - Rock Music,Minimum 1 year
510,revista-airelibre.com,49.5,Mexico,Spanish,Hobbies &amp; Leisure/Outdoors/Fishing,Permanent
511,blackjack-winner.de,728.82,Germany,German,Gambling/Online Casino,Minimum 1 year
512,krazytech.com,82.5,India,English,Computers &amp; Electronics,Minimum 1 year
513,abudhabishoppingguide.me,247.5,United Arab Emirates,English,Shopping/Mass Merchants &amp; Department Stores,Permanent
514,berlin030.de,674.1,Germany,German,Arts &amp; Entertainment,Minimum 1 year
515,diariodecuritiba.com,324.62,Brazil,Portuguese,News,Minimum 1 Year
516,virtuaalivaluutta.com,819,Finland,Finnish,Cryptos,Minimum 1 year
517,diablofans.cz,413.45,Czech Republic,Czech,Games - Roleplaying Games,Permanent
518,tentonhammer.com,469.63,United States,English,Arts &amp; Entertainment/Online Media,Minimum 1 year
519,temucodiario.cl,123.75,Chile,Spanish,Jobs &amp; Education/Education/Colleges &amp; Universities,Minimum 1 year
520,rhein-wied-news.com,629.16,Germany,German,Books &amp; Literature,Minimum 1 year
521,autoserviceworld.com,247.5,United States,English,Autos &amp; Vehicles,Minimum 1 year
522,thewincolumn.ca,449.4,Canada,English,Sports,Minimum 1 year
523,dubairestaurantsguide.com,247.5,United Arab Emirates,English,Food and Dining,Minimum 1 year
524,thefoodpocketguide.com,524.3,United States,English,Food &amp; Drink - Cooking &amp; Recipes,Permanent
525,voresbyvejle.dk,791.7,Denmark,Danish,News,Minimum 1 year
526,ziaruloval.ro,75,Romania,Romanian,-,Minimum 1 year
527,designculture.com.br,165,Brazil,Portuguese,Arts &amp; Entertainment/Visual Art &amp; Design/Design,2 years
528,newsnovara.it,278.85,Italy,Italian,News and Media,Minimum 1 year
529,whitelightriot.com,94.5,United States,English,"Wellness, Self-Discovery",Minimum 1 year
530,sverige.nu,900.9,Sweden,Swedish,Internet &amp; Telecom - Web Services,Minimum 1 year
531,vaken.se,"1,359.60",Sweden,Swedish,General,Permanent
532,husmoren.no,449.4,Norway,Norwegian,Family,Permanent
533,bob-dylan.org.uk,468.87,United States,English,Arts &amp; Entertainment - Music &amp; Audio - Rock Music,Minimum 1 year
535,revista-airelibre.com,49.5,Mexico,Spanish,Hobbies &amp; Leisure/Outdoors/Fishing,Permanent
536,blackjack-winner.de,728.82,Germany,German,Gambling/Online Casino,Minimum 1 year
537,krazytech.com,82.5,India,English,Computers &amp; Electronics,Minimum 1 year
538,abudhabishoppingguide.me,247.5,United Arab Emirates,English,Shopping/Mass Merchants &amp; Department Stores,Permanent
539,berlin030.de,674.1,Germany,German,Arts &amp; Entertainment,Minimum 1 year
540,diariodecuritiba.com,324.62,Brazil,Portuguese,News,Minimum 1 Year
541,virtuaalivaluutta.com,819,Finland,Finnish,Cryptos,Minimum 1 year
542,diablofans.cz,413.45,Czech Republic,Czech,Games - Roleplaying Games,Permanent
543,tentonhammer.com,469.63,United States,English,Arts &amp; Entertainment/Online Media,Minimum 1 year
544,temucodiario.cl,123.75,Chile,Spanish,Jobs &amp; Education/Education/Colleges &amp; Universities,Minimum 1 year
545,rhein-wied-news.com,629.16,Germany,German,Books &amp; Literature,Minimum 1 year
546,autoserviceworld.com,247.5,United States,English,Autos &amp; Vehicles,Minimum 1 year
547,thewincolumn.ca,449.4,Canada,English,Sports,Minimum 1 year
548,dubairestaurantsguide.com,247.5,United Arab Emirates,English,Food and Dining,Minimum 1 year
549,thefoodpocketguide.com,524.3,United States,English,Food &amp; Drink - Cooking &amp; Recipes,Permanent
550,voresbyvejle.dk,791.7,Denmark,Danish,News,Minimum 1 year
551,ziaruloval.ro,75,Romania,Romanian,-,Minimum 1 year
552,designculture.com.br,165,Brazil,Portuguese,Arts &amp; Entertainment/Visual Art &amp; Design/Design,2 years
553,newsnovara.it,278.85,Italy,Italian,News and Media,Minimum 1 year
554,whitelightriot.com,94.5,United States,English,"Wellness, Self-Discovery",Minimum 1 year
555,sverige.nu,900.9,Sweden,Swedish,Internet &amp; Telecom - Web Services,Minimum 1 year
556,vaken.se,"1,359.60",Sweden,Swedish,General,Permanent
557,husmoren.no,449.4,Norway,Norwegian,Family,Permanent
558,bob-dylan.org.uk,468.87,United States,English,Arts &amp; Entertainment - Music &amp; Audio - Rock Music,Minimum 1 year
560,revista-airelibre.com,49.5,Mexico,Spanish,Hobbies &amp; Leisure/Outdoors/Fishing,Permanent
561,blackjack-winner.de,728.82,Germany,German,Gambling/Online Casino,Minimum 1 year
562,krazytech.com,82.5,India,English,Computers &amp; Electronics,Minimum 1 year
563,abudhabishoppingguide.me,247.5,United Arab Emirates,English,Shopping/Mass Merchants &amp; Department Stores,Permanent
564,berlin030.de,674.1,Germany,German,Arts &amp; Entertainment,Minimum 1 year
565,diariodecuritiba.com,324.62,Brazil,Portuguese,News,Minimum 1 Year
566,virtuaalivaluutta.com,819,Finland,Finnish,Cryptos,Minimum 1 year
567,diablofans.cz,413.45,Czech Republic,Czech,Games - Roleplaying Games,Permanent
568,tentonhammer.com,469.63,United States,English,Arts &amp; Entertainment/Online Media,Minimum 1 year
569,temucodiario.cl,123.75,Chile,Spanish,Jobs &amp; Education/Education/Colleges &amp; Universities,Minimum 1 year
570,rhein-wied-news.com,629.16,Germany,German,Books &amp; Literature,Minimum 1 year
571,autoserviceworld.com,247.5,United States,English,Autos &amp; Vehicles,Minimum 1 year
572,thewincolumn.ca,449.4,Canada,English,Sports,Minimum 1 year
573,dubairestaurantsguide.com,247.5,United Arab Emirates,English,Food and Dining,Minimum 1 year
574,thefoodpocketguide.com,524.3,United States,English,Food &amp; Drink - Cooking &amp; Recipes,Permanent
575,voresbyvejle.dk,791.7,Denmark,Danish,News,Minimum 1 year
576,ziaruloval.ro,75,Romania,Romanian,-,Minimum 1 year
577,designculture.com.br,165,Brazil,Portuguese,Arts &amp; Entertainment/Visual Art &amp; Design/Design,2 years
578,newsnovara.it,278.85,Italy,Italian,News and Media,Minimum 1 year
579,whitelightriot.com,94.5,United States,English,"Wellness, Self-Discovery",Minimum 1 year
580,sverige.nu,900.9,Sweden,Swedish,Internet &amp; Telecom - Web Services,Minimum 1 year
581,vaken.se,"1,359.60",Sweden,Swedish,General,Permanent
582,husmoren.no,449.4,Norway,Norwegian,Family,Permanent
583,bob-dylan.org.uk,468.87,United States,English,Arts &amp; Entertainment - Music &amp; Audio - Rock Music,Minimum 1 year
585,revista-airelibre.com,49.5,Mexico,Spanish,Hobbies &amp; Leisure/Outdoors/Fishing,Permanent
586,blackjack-winner.de,728.82,Germany,German,Gambling/Online Casino,Minimum 1 year
587,krazytech.com,82.5,India,English,Computers &amp; Electronics,Minimum 1 year
588,abudhabishoppingguide.me,247.5,United Arab Emirates,English,Shopping/Mass Merchants &amp; Department Stores,Permanent
589,berlin030.de,674.1,Germany,German,Arts &amp; Entertainment,Minimum 1 year
590,diariodecuritiba.com,324.62,Brazil,Portuguese,News,Minimum 1 Year
591,virtuaalivaluutta.com,819,Finland,Finnish,Cryptos,Minimum 1 year
592,diablofans.cz,413.45,Czech Republic,Czech,Games - Roleplaying Games,Permanent
593,tentonhammer.com,469.63,United States,English,Arts &amp; Entertainment/Online Media,Minimum 1 year
594,temucodiario.cl,123.75,Chile,Spanish,Jobs &amp; Education/Education/Colleges &amp; Universities,Minimum 1 year
595,rhein-wied-news.com,629.16,Germany,German,Books &amp; Literature,Minimum 1 year
596,autoserviceworld.com,247.5,United States,English,Autos &amp; Vehicles,Minimum 1 year
597,thewincolumn.ca,449.4,Canada,English,Sports,Minimum 1 year
598,dubairestaurantsguide.com,247.5,United Arab Emirates,English,Food and Dining,Minimum 1 year
599,thefoodpocketguide.com,524.3,United States,English,Food &amp; Drink - Cooking &amp; Recipes,Permanent
600,voresbyvejle.dk,791.7,Denmark,Danish,News,Minimum 1 year
601,ziaruloval.ro,75,Romania,Romanian,-,Minimum 1 year
602,designculture.com.br,165,Brazil,Portuguese,Arts &amp; Entertainment/Visual Art &amp; Design/Design,2 years
603,newsnovara.it,278.85,Italy,Italian,News and Media,Minimum 1 year
604,whitelightriot.com,94.5,United States,English,"Wellness, Self-Discovery",Minimum 1 year
605,sverige.nu,900.9,Sweden,Swedish,Internet &amp; Telecom - Web Services,Minimum 1 year
606,vaken.se,"1,359.60",Sweden,Swedish,General,Permanent
607,husmoren.no,449.4,Norway,Norwegian,Family,Permanent
608,bob-dylan.org.uk,468.87,United States,English,Arts &amp; Entertainment - Music &amp; Audio - Rock Music,Minimum 1 year
610,revista-airelibre.com,49.5,Mexico,Spanish,Hobbies &amp; Leisure/Outdoors/Fishing,Permanent
611,blackjack-winner.de,728.82,Germany,German,Gambling/Online Casino,Minimum 1 year
612,krazytech.com,82.5,India,English,Computers &amp; Electronics,Minimum 1 year
613,abudhabishoppingguide.me,247.5,United Arab Emirates,English,Shopping/Mass Merchants &amp; Department Stores,Permanent
614,berlin030.de,674.1,Germany,German,Arts &amp; Entertainment,Minimum 1 year
615,diariodecuritiba.com,324.62,Brazil,Portuguese,News,Minimum 1 Year
616,virtuaalivaluutta.com,819,Finland,Finnish,Cryptos,Minimum 1 year
617,diablofans.cz,413.45,Czech Republic,Czech,Games - Roleplaying Games,Permanent
618,tentonhammer.com,469.63,United States,English,Arts &amp; Entertainment/Online Media,Minimum 1 year
619,temucodiario.cl,123.75,Chile,Spanish,Jobs &amp; Education/Education/Colleges &amp; Universities,Minimum 1 year
620,rhein-wied-news.com,629.16,Germany,German,Books &amp; Literature,Minimum 1 year
621,autoserviceworld.com,247.5,United States,English,Autos &amp; Vehicles,Minimum 1 year
622,thewincolumn.ca,449.4,Canada,English,Sports,Minimum 1 year
623,dubairestaurantsguide.com,247.5,United Arab Emirates,English,Food and Dining,Minimum 1 year
624,thefoodpocketguide.com,524.3,United States,English,Food &amp; Drink - Cooking &amp; Recipes,Permanent
625,voresbyvejle.dk,791.7,Denmark,Danish,News,Minimum 1 year
626,ziaruloval.ro,75,Romania,Romanian,-,Minimum 1 year
627,designculture.com.br,165,Brazil,Portuguese,Arts &amp; Entertainment/Visual Art &amp; Design/Design,2 years
628,newsnovara.it,278.85,Italy,Italian,News and Media,Minimum 1 year
629,whitelightriot.com,94.5,United States,English,"Wellness, Self-Discovery",Minimum 1 year
630,sverige.nu,900.9,Sweden,Swedish,Internet &amp; Telecom - Web Services,Minimum 1 year
631,vaken.se,"1,359.60",Sweden,Swedish,General,Permanent
632,husmoren.no,449.4,Norway,Norwegian,Family,Permanent
633,bob-dylan.org.uk,468.87,United States,English,Arts &amp; Entertainment - Music &amp; Audio - Rock Music,Minimum 1 year
635,revista-airelibre.com,49.5,Mexico,Spanish,Hobbies &amp; Leisure/Outdoors/Fishing,Permanent
636,blackjack-winner.de,728.82,Germany,German,Gambling/Online Casino,Minimum 1 year
637,krazytech.com,82.5,India,English,Computers &amp; Electronics,Minimum 1 year
638,abudhabishoppingguide.me,247.5,United Arab Emirates,English,Shopping/Mass Merchants &amp; Department Stores,Permanent
639,berlin030.de,674.1,Germany,German,Arts &amp; Entertainment,Minimum 1 year
640,diariodecuritiba.com,324.62,Brazil,Portuguese,News,Minimum 1 Year
641,virtuaalivaluutta.com,819,Finland,Finnish,Cryptos,Minimum 1 year
642,diablofans.cz,413.45,Czech Republic,Czech,Games - Roleplaying Games,Permanent
643,tentonhammer.com,469.63,United States,English,Arts &amp; Entertainment/Online Media,Minimum 1 year
644,temucodiario.cl,123.75,Chile,Spanish,Jobs &amp; Education/Education/Colleges &amp; Universities,Minimum 1 year
645,rhein-wied-news.com,629.16,Germany,German,Books &amp; Literature,Minimum 1 year
646,autoserviceworld.com,247.5,United States,English,Autos &amp; Vehicles,Minimum 1 year
647,thewincolumn.ca,449.4,Canada,English,Sports,Minimum 1 year
648,dubairestaurantsguide.com,247.5,United Arab Emirates,English,Food and Dining,Minimum 1 year
649,thefoodpocketguide.com,524.3,United States,English,Food &amp; Drink - Cooking &amp; Recipes,Permanent
650,voresbyvejle.dk,791.7,Denmark,Danish,News,Minimum 1 year
651,ziaruloval.ro,75,Romania,Romanian,-,Minimum 1 year
652,designculture.com.br,165,Brazil,Portuguese,Arts &amp; Entertainment/Visual Art &amp; Design/Design,2 years
653,newsnovara.it,278.85,Italy,Italian,News and Media,Minimum 1 year
654,whitelightriot.com,94.5,United States,English,"Wellness, Self-Discovery",Minimum 1 year
655,sverige.nu,900.9,Sweden,Swedish,Internet &amp; Telecom - Web Services,Minimum 1 year
656,vaken.se,"1,359.60",Sweden,Swedish,General,Permanent
657,husmoren.no,449.4,Norway,Norwegian,Family,Permanent
658,bob-dylan.org.uk,468.87,United States,English,Arts &amp; Entertainment - Music &amp; Audio - Rock Music,Minimum 1 year
660,revista-airelibre.com,49.5,Mexico,Spanish,Hobbies &amp; Leisure/Outdoors/Fishing,Permanent
661,blackjack-winner.de,728.82,Germany,German,Gambling/Online Casino,Minimum 1 year
662,krazytech.com,82.5,India,English,Computers &amp; Electronics,Minimum 1 year
663,abudhabishoppingguide.me,247.5,United Arab Emirates,English,Shopping/Mass Merchants &amp; Department Stores,Permanent
664,berlin030.de,674.1,Germany,German,Arts &amp; Entertainment,Minimum 1 year
665,diariodecuritiba.com,324.62,Brazil,Portuguese,News,Minimum 1 Year
666,virtuaalivaluutta.com,819,Finland,Finnish,Cryptos,Minimum 1 year
667,diablofans.cz,413.45,Czech Republic,Czech,Games - Roleplaying Games,Permanent
668,tentonhammer.com,469.63,United States,English,Arts &amp; Entertainment/Online Media,Minimum 1 year
669,temucodiario.cl,123.75,Chile,Spanish,Jobs &amp; Education/Education/Colleges &amp; Universities,Minimum 1 year
670,rhein-wied-news.com,629.16,Germany,German,Books &amp; Literature,Minimum 1 year
671,autoserviceworld.com,247.5,United States,English,Autos &amp; Vehicles,Minimum 1 year
672,thewincolumn.ca,449.4,Canada,English,Sports,Minimum 1 year
673,dubairestaurantsguide.com,247.5,United Arab Emirates,English,Food and Dining,Minimum 1 year
674,thefoodpocketguide.com,524.3,United States,English,Food &amp; Drink - Cooking &amp; Recipes,Permanent
675,voresbyvejle.dk,791.7,Denmark,Danish,News,Minimum 1 year
676,ziaruloval.ro,75,Romania,Romanian,-,Minimum 1 year
677,designculture.com.br,165,Brazil,Portuguese,Arts &amp; Entertainment/Visual Art &amp; Design/Design,2 years
678,newsnovara.it,278.85,Italy,Italian,News and Media,Minimum 1 year
679,whitelightriot.com,94.5,United States,English,"Wellness, Self-Discovery",Minimum 1 year
680,sverige.nu,900.9,Sweden,Swedish,Internet &amp; Telecom - Web Services,Minimum 1 year
681,vaken.se,"1,359.60",Sweden,Swedish,General,Permanent
682,husmoren.no,449.4,Norway,Norwegian,Family,Permanent
683,bob-dylan.org.uk,468.87,United States,English,Arts &amp; Entertainment - Music &amp; Audio - Rock Music,Minimum 1 year
685,revista-airelibre.com,49.5,Mexico,Spanish,Hobbies &amp; Leisure/Outdoors/Fishing,Permanent
686,blackjack-winner.de,728.82,Germany,German,Gambling/Online Casino,Minimum 1 year
687,krazytech.com,82.5,India,English,Computers &amp; Electronics,Minimum 1 year
688,abudhabishoppingguide.me,247.5,United Arab Emirates,English,Shopping/Mass Merchants &amp; Department Stores,Permanent
689,berlin030.de,674.1,Germany,German,Arts &amp; Entertainment,Minimum 1 year
690,diariodecuritiba.com,324.62,Brazil,Portuguese,News,Minimum 1 Year
691,virtuaalivaluutta.com,819,Finland,Finnish,Cryptos,Minimum 1 year
692,diablofans.cz,413.45,Czech Republic,Czech,Games - Roleplaying Games,Permanent
693,tentonhammer.com,469.63,United States,English,Arts &amp; Entertainment/Online Media,Minimum 1 year
694,temucodiario.cl,123.75,Chile,Spanish,Jobs &amp; Education/Education/Colleges &amp; Universities,Minimum 1 year
695,rhein-wied-news.com,629.16,Germany,German,Books &amp; Literature,Minimum 1 year
696,autoserviceworld.com,247.5,United States,English,Autos &amp; Vehicles,Minimum 1 year
697,thewincolumn.ca,449.4,Canada,English,Sports,Minimum 1 year
698,dubairestaurantsguide.com,247.5,United Arab Emirates,English,Food and Dining,Minimum 1 year
699,thefoodpocketguide.com,524.3,United States,English,Food &amp; Drink - Cooking &amp; Recipes,Permanent
700,voresbyvejle.dk,791.7,Denmark,Danish,News,Minimum 1 year
701,ziaruloval.ro,75,Romania,Romanian,-,Minimum 1 year
702,designculture.com.br,165,Brazil,Portuguese,Arts &amp; Entertainment/Visual Art &amp; Design/Design,2 years
703,newsnovara.it,278.85,Italy,Italian,News and Media,Minimum 1 year
704,whitelightriot.com,94.5,United States,English,"Wellness, Self-Discovery",Minimum 1 year
705,sverige.nu,900.9,Sweden,Swedish,Internet &amp; Telecom - Web Services,Minimum 1 year
706,vaken.se,"1,359.60",Sweden,Swedish,General,Permanent
707,husmoren.no,449.4,Norway,Norwegian,Family,Permanent
708,bob-dylan.org.uk,468.87,United States,English,Arts &amp; Entertainment - Music &amp; Audio - Rock Music,Minimum 1 year
710,revista-airelibre.com,49.5,Mexico,Spanish,Hobbies &amp; Leisure/Outdoors/Fishing,Permanent
711,blackjack-winner.de,728.82,Germany,German,Gambling/Online Casino,Minimum 1 year
712,krazytech.com,82.5,India,English,Computers &amp; Electronics,Minimum 1 year
713,abudhabishoppingguide.me,247.5,United Arab Emirates,English,Shopping/Mass Merchants &amp; Department Stores,Permanent
714,berlin030.de,674.1,Germany,German,Arts &amp; Entertainment,Minimum 1 year
715,diariodecuritiba.com,324.62,Brazil,Portuguese,News,Minimum 1 Year
716,virtuaalivaluutta.com,819,Finland,Finnish,Cryptos,Minimum 1 year
717,diablofans.cz,413.45,Czech Republic,Czech,Games - Roleplaying Games,Permanent
718,tentonhammer.com,469.63,United States,English,Arts &amp; Entertainment/Online Media,Minimum 1 year
719,temucodiario.cl,123.75,Chile,Spanish,Jobs &amp; Education/Education/Colleges &amp; Universities,Minimum 1 year
720,rhein-wied-news.com,629.16,Germany,German,Books &amp; Literature,Minimum 1 year
721,autoserviceworld.com,247.5,United States,English,Autos &amp; Vehicles,Minimum 1 year
722,thewincolumn.ca,449.4,Canada,English,Sports,Minimum 1 year
723,dubairestaurantsguide.com,247.5,United Arab Emirates,English,Food and Dining,Minimum 1 year
724,thefoodpocketguide.com,524.3,United States,English,Food &amp; Drink - Cooking &amp; Recipes,Permanent
725,voresbyvejle.dk,791.7,Denmark,Danish,News,Minimum 1 year
726,ziaruloval.ro,75,Romania,Romanian,-,Minimum 1 year
727,designculture.com.br,165,Brazil,Portuguese,Arts &amp; Entertainment/Visual Art &amp; Design/Design,2 years
728,newsnovara.it,278.85,Italy,Italian,News and Media,Minimum 1 year
729,whitelightriot.com,94.5,United States,English,"Wellness, Self-Discovery",Minimum 1 year
730,sverige.nu,900.9,Sweden,Swedish,Internet &amp; Telecom - Web Services,Minimum 1 year
731,vaken.se,"1,359.60",Sweden,Swedish,General,Permanent
732,husmoren.no,449.4,Norway,Norwegian,Family,Permanent
733,bob-dylan.org.uk,468.87,United States,English,Arts &amp; Entertainment - Music &amp; Audio - Rock Music,Minimum 1 year
735,revista-airelibre.com,49.5,Mexico,Spanish,Hobbies &amp; Leisure/Outdoors/Fishing,Permanent
736,blackjack-winner.de,728.82,Germany,German,Gambling/Online Casino,Minimum 1 year
737,krazytech.com,82.5,India,English,Computers &amp; Electronics,Minimum 1 year
738,abudhabishoppingguide.me,247.5,United Arab Emirates,English,Shopping/Mass Merchants &amp; Department Stores,Permanent
739,berlin030.de,674.1,Germany,German,Arts &amp; Entertainment,Minimum 1 year
740,diariodecuritiba.com,324.62,Brazil,Portuguese,News,Minimum 1 Year
741,virtuaalivaluutta.com,819,Finland,Finnish,Cryptos,Minimum 1 year
742,diablofans.cz,413.45,Czech Republic,Czech,Games - Roleplaying Games,Permanent
743,tentonhammer.com,469.63,United States,English,Arts &amp; Entertainment/Online Media,Minimum 1 year
744,temucodiario.cl,123.75,Chile,Spanish,Jobs &amp; Education/Education/Colleges &amp; Universities,Minimum 1 year
745,rhein-wied-news.com,629.16,Germany,German,Books &amp; Literature,Minimum 1 year
746,autoserviceworld.com,247.5,United States,English,Autos &amp; Vehicles,Minimum 1 year
747,thewincolumn.ca,449.4,Canada,English,Sports,Minimum 1 year
748,dubairestaurantsguide.com,247.5,United Arab Emirates,English,Food and Dining,Minimum 1 year
749,thefoodpocketguide.com,524.3,United States,English,Food &amp; Drink - Cooking &amp; Recipes,Permanent
750,voresbyvejle.dk,791.7,Denmark,Danish,News,Minimum 1 year
751,ziaruloval.ro,75,Romania,Romanian,-,Minimum 1 year
752,designculture.com.br,165,Brazil,Portuguese,Arts &amp; Entertainment/Visual Art &amp; Design/Design,2 years
753,newsnovara.it,278.85,Italy,Italian,News and Media,Minimum 1 year
754,whitelightriot.com,94.5,United States,English,"Wellness, Self-Discovery",Minimum 1 year
755,sverige.nu,900.9,Sweden,Swedish,Internet &amp; Telecom - Web Services,Minimum 1 year
756,vaken.se,"1,359.60",Sweden,Swedish,General,Permanent
757,husmoren.no,449.4,Norway,Norwegian,Family,Permanent
758,bob-dylan.org.uk,468.87,United States,English,Arts &amp; Entertainment - Music &amp; Audio - Rock Music,Minimum 1 year
760,revista-airelibre.com,49.5,Mexico,Spanish,Hobbies &amp; Leisure/Outdoors/Fishing,Permanent
761,blackjack-winner.de,728.82,Germany,German,Gambling/Online Casino,Minimum 1 year
762,krazytech.com,82.5,India,English,Computers &amp; Electronics,Minimum 1 year
763,abudhabishoppingguide.me,247.5,United Arab Emirates,English,Shopping/Mass Merchants &amp; Department Stores,Permanent
764,berlin030.de,674.1,Germany,German,Arts &amp; Entertainment,Minimum 1 year
765,diariodecuritiba.com,324.62,Brazil,Portuguese,News,Minimum 1 Year
766,virtuaalivaluutta.com,819,Finland,Finnish,Cryptos,Minimum 1 year
767,diablofans.cz,413.45,Czech Republic,Czech,Games - Roleplaying Games,Permanent
768,tentonhammer.com,469.63,United States,English,Arts &amp; Entertainment/Online Media,Minimum 1 year
769,temucodiario.cl,123.75,Chile,Spanish,Jobs &amp; Education/Education/Colleges &amp; Universities,Minimum 1 year
770,rhein-wied-news.com,629.16,Germany,German,Books &amp; Literature,Minimum 1 year
771,autoserviceworld.com,247.5,United States,English,Autos &amp; Vehicles,Minimum 1 year
772,thewincolumn.ca,449.4,Canada,English,Sports,Minimum 1 year
773,dubairestaurantsguide.com,247.5,United Arab Emirates,English,Food and Dining,Minimum 1 year
774,thefoodpocketguide.com,524.3,United States,English,Food &amp; Drink - Cooking &amp; Recipes,Permanent
775,voresbyvejle.dk,791.7,Denmark,Danish,News,Minimum 1 year
776,ziaruloval.ro,75,Romania,Romanian,-,Minimum 1 year
777,designculture.com.br,165,Brazil,Portuguese,Arts &amp; Entertainment/Visual Art &amp; Design/Design,2 years
778,newsnovara.it,278.85,Italy,Italian,News and Media,Minimum 1 year
779,whitelightriot.com,94.5,United States,English,"Wellness, Self-Discovery",Minimum 1 year
780,sverige.nu,900.9,Sweden,Swedish,Internet &amp; Telecom - Web Services,Minimum 1 year
781,vaken.se,"1,359.60",Sweden,Swedish,General,Permanent
782,husmoren.no,449.4,Norway,Norwegian,Family,Permanent
783,bob-dylan.org.uk,468.87,United States,English,Arts &amp; Entertainment - Music &amp; Audio - Rock Music,Minimum 1 year
785,revista-airelibre.com,49.5,Mexico,Spanish,Hobbies &amp; Leisure/Outdoors/Fishing,Permanent
786,blackjack-winner.de,728.82,Germany,German,Gambling/Online Casino,Minimum 1 year
787,krazytech.com,82.5,India,English,Computers &amp; Electronics,Minimum 1 year
788,abudhabishoppingguide.me,247.5,United Arab Emirates,English,Shopping/Mass Merchants &amp; Department Stores,Permanent
789,berlin030.de,674.1,Germany,German,Arts &amp; Entertainment,Minimum 1 year
790,diariodecuritiba.com,324.62,Brazil,Portuguese,News,Minimum 1 Year
791,virtuaalivaluutta.com,819,Finland,Finnish,Cryptos,Minimum 1 year
792,diablofans.cz,413.45,Czech Republic,Czech,Games - Roleplaying Games,Permanent
793,tentonhammer.com,469.63,United States,English,Arts &amp; Entertainment/Online Media,Minimum 1 year
